session_id,question,attempt_no,score,human_score,strengths,areas_for_improvement,feedback,missing_concepts,answer_text,timestamp,weaknesses,model
0003d8cb-ac04-41d9-9c5b-f9f580d399e3,What Is Python?,1,3,1,Identified Python as a programming language. | Used a straightforward and clear statement.,Lacks detail and explanation about Python. | Does not mention the features or uses of Python. | Grammatical error: 'Is' should be lowercase in the context.,"While you correctly identified Python as a programming language, your answer is quite minimal and lacks depth. To improve, consider expanding on what Python is, including its key features such as readability, versatility, and its applications in various fields like web development, data analysis, and artificial intelligence. Additionally, remember to check for grammatical accuracy in your writing to enhance clarity. Providing more context will help demonstrate a deeper understanding of the subject.","Key features of Python (e.g., readability, simplicity) | Applications and uses of Python in different fields | History or background of Python",Python Is Programming Language,2025-12-16T13:36:51.535115,,
0003d8cb-ac04-41d9-9c5b-f9f580d399e3,What Is Python?,2,9,6,The answer provides a clear and concise definition of Python. | It highlights the versatility of Python in various applications. | The mention of Python's simplicity and readability is well articulated. | It correctly states that Python is open-source and has a supportive community.,"The answer could include specific examples of Python frameworks or libraries. | A brief mention of Python's history or creator could add depth. | Explaining how Python compares to other programming languages might enhance understanding. | Including information about Python's versioning (e.g., Python 2 vs. Python 3) would be beneficial.","You've provided an excellent overview of Python as a programming language. Your explanation is well-structured and touches on important aspects, such as its simplicity, versatility, and open-source nature. To strengthen your answer, consider adding specific examples of popular libraries or frameworks like Flask or Pandas, as this would illustrate its use cases more vividly. Additionally, a mention of Python's origins or its evolution over time could provide valuable context. Overall, great job!",Examples of popular libraries or frameworks used in Python. | Historical context about Python's creation or evolution. | Comparative aspects with other programming languages. | Details about Python's versioning and its significance.,"Python is a popular, high-level programming language known for its simplicity and readability. It is used for a wide variety of applications, including web development, data analysis, artificial intelligence, scientific computing, automation, and more. Python’s syntax is easy to understand, making it a great language for beginners and experienced developers alike.

It’s open-source, meaning it’s free to use and has a large community that contributes to its development.",2025-12-16T13:37:53.801384,,
8aa2bbdc-05be-43f9-8847-3fa3a96c2a38,What is Green Pigmentation?,1,8,6,"Clearly identifies chlorophyll as a key pigment responsible for green pigmentation. | Accurately connects green pigmentation to the process of photosynthesis. | Provides a practical context by mentioning plants, algae, and bacteria.",Could expand on the role of chlorophyll and its types (like chlorophyll a and b). | Might include examples of how green pigmentation benefits different organisms. | Could briefly mention other pigments that contribute to coloration in organisms.,"This is a solid answer that demonstrates a good understanding of green pigmentation and its role in photosynthesis. You effectively highlighted chlorophyll as the main pigment responsible for this coloration and provided a clear explanation of its importance in energy conversion for plants. To enhance your response, consider elaborating on the different types of chlorophyll and how they function in various organisms. Additionally, a few examples of the ecological advantages of green pigmentation could enrich your answer further.",Types of chlorophyll (a and b) | Other pigments that can affect coloration | Ecological significance of green pigmentation,"Green pigmentation is the color produced by pigments like chlorophyll in plants, algae, and some bacteria. It helps in photosynthesis, allowing plants to absorb sunlight and convert it into energy.",2025-12-16T15:49:51.680120,,
8aa2bbdc-05be-43f9-8847-3fa3a96c2a38,What is Green Pigmentation?,2,8,6,Clearly identifies chlorophyll as the primary cause of green pigmentation. | Effectively explains the role of chlorophyll in photosynthesis. | Correctly distinguishes between chlorophyll a and chlorophyll b. | Provides examples of how green pigmentation is beneficial to both plants and animals.,"Could elaborate on the chemical structure or function of chlorophyll. | Might include more examples of organisms with green pigmentation beyond plants and some animals. | Should clarify the role of green pigmentation in other contexts, like its importance in ecological systems. | Could mention other pigments that contribute to green coloration, such as carotenoids.","Your answer provides a solid overview of green pigmentation and effectively connects it to chlorophyll and photosynthesis. The distinctions you made between chlorophyll a and b are well explained. However, adding a bit more detail about the chemical structure or other organisms with green pigmentation would enhance your response. Additionally, consider discussing the broader ecological significance of green pigmentation to provide a more comprehensive understanding of the topic. Overall, great job!","Other pigments contributing to green coloration, like carotenoids. | The ecological significance of green pigmentation beyond individual organisms.","Green pigmentation is mainly due to chlorophyll, a pigment found in plants, algae, and some bacteria. It plays a crucial role in photosynthesis, where plants use sunlight to make food. There are two main types of chlorophyll:

Chlorophyll a: The primary pigment that directly absorbs light.

Chlorophyll b: Assists chlorophyll a by broadening the absorption spectrum.

Green pigmentation helps organisms in various ways:

Plants and algae: It enables them to convert sunlight into energy.

Animals: In some animals, like certain frogs or reptiles, green pigmentation provides camouflage, helping them blend into their environment.",2025-12-16T15:50:42.435400,,
8aa2bbdc-05be-43f9-8847-3fa3a96c2a38,What is Green Pigmentation?,3,9,6,"The answer provides a clear and comprehensive definition of green pigmentation. | It effectively categorizes and explains different types of green pigments, including chlorophyll and bacteriochlorophyll. | The functions of green pigmentation are well articulated, showcasing an understanding of its ecological roles. | The answer includes relevant examples from both plants and animals, enhancing the overall explanation.",The introduction could be more concise to improve clarity. | Additional detail on the biochemical processes involved in photosynthesis could enhance understanding. | The mention of carotenoids as green pigments is somewhat misleading; they are primarily yellow/orange and should be clarified. | A brief mention of the evolutionary significance of green pigmentation could provide deeper insight.,"Overall, this is a well-structured and informative response that demonstrates a solid understanding of green pigmentation. You did an excellent job of categorizing the types of green pigments and discussing their functions in both plants and animals. However, consider refining your introduction for clarity and ensuring that your descriptions accurately reflect the characteristics of pigments like carotenoids. Additionally, incorporating more detail on the photosynthesis process and exploring the evolutionary context of green pigmentation could further enrich your answer. Keep up the great work!",The biochemical processes of photosynthesis in more detail. | Clarification on the role of carotenoids in pigmentation. | Evolutionary significance of green pigmentation.,"Green pigmentation refers to the presence of green-colored pigments in biological organisms, such as plants, algae, fungi, or even animals. These pigments are responsible for absorbing certain wavelengths of light and reflecting others, giving the organism its characteristic green color.

Types of Green Pigments:

Chlorophyll:

The most common green pigment found in plants, algae, and cyanobacteria. Chlorophyll is crucial for photosynthesis, the process by which plants convert sunlight into chemical energy.

There are two main types:

Chlorophyll a: The primary pigment involved in the light reactions of photosynthesis.

Chlorophyll b: Helps to broaden the absorption spectrum of light, aiding in photosynthesis.

Bacteriochlorophyll:

Found in some bacteria (e.g., purple and green sulfur bacteria). It is similar to chlorophyll but absorbs light at different wavelengths.

Carotenoids (sometimes appear green):

While carotenoids are usually yellow or orange pigments, some carotenoids can also give a greenish hue, especially in plants. They aid in photosynthesis and protect cells from damage caused by excessive light.

Other Pigments in Animals:

Some animals, such as certain species of frogs or reptiles, may exhibit green pigmentation in their skin, which can come from a mix of chlorophyll (in some cases) or other greenish compounds like biliverdin (a type of bile pigment).

Functions of Green Pigmentation:

Photosynthesis: In plants and algae, green pigments like chlorophyll absorb light energy to power photosynthesis.

Protection: In some cases, green pigmentation can help protect organisms from excessive light or UV radiation.

Camouflage: In animals, green pigmentation can serve as camouflage, helping them blend into their environments (e.g., trees, grass) to avoid predators.",2025-12-16T15:51:20.432049,,
d488b152-2a90-4b98-8243-0d1710ba5890,What is photosynthesis?,1,9,6,Clearly defines photosynthesis and identifies the organisms involved. | Explains the conversion of light energy into chemical energy. | Highlights the importance of photosynthesis for life on Earth.,"Could elaborate on the specific chemical reactions involved in photosynthesis. | Might include the role of chlorophyll and its importance in the process. | Could mention the byproducts of photosynthesis, such as oxygen.","This is a well-articulated answer that successfully captures the essence of photosynthesis. You have effectively identified the key organisms involved and explained the significance of the process for life on Earth. To enhance your response, consider adding details about the specific chemical reactions, the role of chlorophyll, and the byproducts, such as oxygen, which is vital for many organisms. Overall, great job!","Chemical reactions involved in photosynthesis (e.g., light-dependent and light-independent reactions). | Role of chlorophyll in capturing light energy. | Byproducts of photosynthesis, specifically oxygen.","Photosynthesis is the process by which green plants, algae, and some bacteria convert light energy, usually from the sun, into chemical energy stored in the form of glucose (a type of sugar). This process is essential for life on Earth because it provides the primary source of energy for nearly all living organisms.",2025-12-16T16:54:37.426584,,
d488b152-2a90-4b98-8243-0d1710ba5890,What is photosynthesis?,2,9,6,"The answer provides a comprehensive explanation of photosynthesis, covering key components and processes. | The student effectively breaks down the process into stages, making it easier to understand. | The inclusion of the chemical equation for photosynthesis demonstrates a solid grasp of the topic. | The response highlights the importance of photosynthesis in the ecosystem.",The answer could benefit from a brief mention of the role of sunlight in the energy conversion process. | Including examples of organisms that perform photosynthesis beyond plants could enrich the response. | Clarifying the relationship between the light-dependent reactions and the Calvin Cycle could enhance understanding. | Minor formatting issues in the chemical equation could be corrected for clarity.,"This is an excellent response that thoroughly covers the process of photosynthesis, including its significance and detailed steps. You have successfully organized the information logically, which aids in comprehension. To improve further, consider elaborating on the role of sunlight in the process and providing examples of photosynthetic organisms beyond plants. Additionally, clarifying the connection between the light-dependent reactions and the Calvin Cycle could strengthen your explanation. Overall, great job!",,"Photosynthesis is the process by which green plants, algae, and some bacteria convert light energy, usually from the sun, into chemical energy stored in the form of glucose (a type of sugar). This process is essential for life on Earth because it provides the primary source of energy for nearly all living organisms.

Here's a breakdown of how it works:

Absorption of Light: Plants have a pigment called chlorophyll in their cells, which absorbs light energy from the sun. Chlorophyll gives plants their green color and is crucial for photosynthesis.

Water and Carbon Dioxide: Plants take in water (H₂O) through their roots and carbon dioxide (CO₂) from the air through tiny openings on their leaves called stomata.

Production of Glucose: Using the energy from sunlight, plants combine water and carbon dioxide to produce glucose (C₆H₁₂O₆), a type of sugar that serves as food for the plant. Oxygen (O₂) is released as a byproduct.

The basic chemical equation for photosynthesis is:

6
𝐶
𝑂
2
+
6
𝐻
2
𝑂
+
light energy
→
𝐶
6
𝐻
12
𝑂
6
+
6
𝑂
2
6CO
2
	​

+6H
2
	​

O+light energy→C
6
	​

H
12
	​

O
6
	​

+6O
2
	​


This means that six molecules of carbon dioxide and six molecules of water, in the presence of sunlight, produce one molecule of glucose and six molecules of oxygen.

Photosynthesis takes place mainly in the chloroplasts of plant cells, particularly in the mesophyll cells of leaves. There are two stages of photosynthesis:

The Light-dependent Reactions: These occur in the thylakoid membranes of the chloroplasts, where sunlight is used to make energy-rich molecules (ATP and NADPH) and split water molecules, releasing oxygen.

The Calvin Cycle (Light-independent Reactions): This takes place in the stroma of the chloroplasts and doesn't require light directly. It uses ATP and NADPH to convert carbon dioxide into glucose.

In essence, photosynthesis is vital because it produces the oxygen we breathe and forms the base of the food chain, supporting nearly all life on Earth.",2025-12-16T16:55:55.924144,,
d488b152-2a90-4b98-8243-0d1710ba5890,What is transpiration in plants?,1,8,6,"Correctly identifies the basic process of transpiration. | Mentions the role of stomata, which is crucial in the transpiration process. | Describes the movement of water through the plant, indicating an understanding of the overall process.","Could elaborate on the significance of transpiration for plant health and environmental impact. | Should clarify that transpiration primarily involves the loss of water vapor, rather than focusing on absorption. | Could include mention of factors affecting transpiration rates, such as temperature and humidity.","Your answer provides a solid foundation for understanding transpiration by accurately describing the movement of water within the plant and the role of stomata. To enhance your response, consider discussing the importance of transpiration in terms of nutrient transport and cooling effects for plants. Additionally, clarifying that transpiration primarily involves the release of water vapor would strengthen your explanation. Including external factors that influence transpiration could also provide a more comprehensive view of the process.","The role of transpiration in nutrient uptake and cooling of the plant. | Factors affecting transpiration rates, such as light, temperature, and humidity.","Transpiration is the process by which water is absorbed by plant roots, moves through plants, and is then released as water vapor through tiny openings on the leaves called stomata.",2025-12-16T16:56:40.057491,,
d488b152-2a90-4b98-8243-0d1710ba5890,What is transpiration in plants?,2,8,6,Clearly defines transpiration and its role in plants. | Uses a relatable analogy (sweating) to explain the concept. | Identifies multiple important functions of transpiration. | Connects transpiration to the broader water cycle.,Could provide more detail on the mechanisms of transpiration. | Might mention factors that affect transpiration rates. | Could clarify the role of stomata in the process. | Needs to highlight the importance of transpiration in photosynthesis more explicitly.,"Overall, you did a great job explaining transpiration and its significance in plants. Your use of the analogy with sweating makes the concept more relatable, which is excellent for understanding. You mentioned the cooling effect and nutrient transport well, but expanding on how stomata function and the factors affecting transpiration (like temperature and humidity) would enhance your answer. Additionally, emphasizing the connection between transpiration and photosynthesis could provide a more comprehensive understanding of its importance in plant biology. Keep up the good work!","Details on how stomata control transpiration. | Factors affecting transpiration (temperature, humidity, wind).","Transpiration is the process by which water is absorbed by plant roots, moves through plants, and is then released as water vapor through tiny openings on the leaves called stomata. It's similar to how we sweat to cool down. Transpiration serves several important functions:

Cooling the Plant: Just like how sweating cools us down, transpiration helps regulate the plant's temperature, preventing overheating.

Water Movement: As water vapor exits the stomata, it creates a sort of ""pull"" that helps move more water from the roots up through the plant. This helps to transport nutrients and minerals from the soil to different parts of the plant.

Nutrient Transport: The flow of water through the plant also helps in the transport of nutrients and minerals from the soil to the leaves, where they are needed for processes like photosynthesis.

Transpiration is a crucial part of the water cycle because it helps return water to the atmosphere, where it can eventually condense and fall back to Earth as precipitation.",2025-12-16T16:56:55.330279,,
d488b152-2a90-4b98-8243-0d1710ba5890,What is germination?,1,8,6,"Clearly defines germination as the process of a seed growing into a new plant. | Mentions the necessary conditions for germination, such as water, oxygen, and temperature. | Uses straightforward language that is easy to understand.",Could elaborate on the stages of germination for a more comprehensive answer. | Might include examples of seeds that require specific conditions to germinate. | Should mention the role of light in some germination processes.,"Your answer provides a solid definition of germination and highlights the essential conditions needed for this process. You've done a great job keeping the explanation clear and accessible. To enhance your response, consider discussing the stages of germination, such as imbibition, the activation of enzymes, and the emergence of the seedling. Including examples of different types of seeds and their specific requirements could also add depth to your explanation. Overall, you're on the right track—great work!",Stages of germination | Examples of specific seeds with unique germination requirements | The role of light in germination,"Germination is the process by which a seed grows into a new plant. It begins when a seed gets the right conditions, such as water, oxygen, and suitable temperature.",2025-12-16T16:57:22.246708,,
d488b152-2a90-4b98-8243-0d1710ba5890,What is germination?,2,9,6,Clearly defines germination as the process of a seed growing into a new plant. | Accurately lists the necessary conditions for germination. | Describes the key stages of germination in a logical sequence. | Highlights the importance of germination in the plant life cycle.,Could provide examples of specific plants or seeds to illustrate the concept. | Might elaborate on the biological processes involved in seed absorption of water and nutrients. | Could mention the role of light in the later stages of a plant's growth. | A brief explanation of how environmental factors influence germination would enhance the response.,"This is an excellent answer that provides a clear definition of germination and outlines the critical stages involved in the process. You effectively highlight the importance of germination in a plant's life cycle, which shows a good understanding of the topic. To enhance your answer further, consider including specific examples of seeds or plants to give real-world context. Additionally, discussing environmental factors like light could provide a more comprehensive view of the conditions that affect germination. Overall, great job!","Examples of specific seeds or plants. | Influence of light on plant growth after germination. | Discussion of environmental factors beyond water, oxygen, and temperature.","Germination is the process by which a seed grows into a new plant. It begins when a seed gets the right conditions, such as water, oxygen, and suitable temperature.

During germination:

The seed absorbs water and swells.

The seed coat breaks open.

The root (radicle) grows downward to absorb water and minerals.

The shoot (plumule) grows upward to form the stem and leaves.

Germination is important because it is the first step in a plant’s life cycle.",2025-12-16T16:57:30.849596,,
b39d2852-331d-4d9a-9fe1-8b5715ccf215,what is yellow pigmentation in plants ?,1,8,6,"Correctly identifies carotenoid pigments as the source of yellow pigmentation. | Mentions specific types of carotenoids (carotenes and xanthophylls). | Links pigmentation to its role in photosynthesis, showing an understanding of plant biology.",Could elaborate on the specific functions of carotenes and xanthophylls in photosynthesis. | Might include examples of plants or scenarios where carotenoid pigmentation is particularly important. | Should clarify that carotenoids also play a role in protecting plants from excess light.,"Your answer accurately identifies carotenoid pigments as the source of yellow pigmentation in plants, and you did well to specify the types of carotenoids involved. It's great that you connected pigmentation to photosynthesis, demonstrating a solid understanding of plant biology. To enhance your response, consider elaborating on the specific roles of carotenes and xanthophylls in photosynthesis, and perhaps include examples or the protective functions of these pigments against excess light. This additional detail would provide a more comprehensive understanding of the topic.",Protective roles of carotenoids against light stress. | Examples of plants with significant carotenoid pigmentation.,"Yellow pigmentation in plants is due to carotenoid pigments (such as carotenes and xanthophylls), which give yellow, orange, or red colors and help in photosynthesis by absorbing light.",2025-12-17T22:04:32.723122,,
b39d2852-331d-4d9a-9fe1-8b5715ccf215,what is yellow pigmentation in plants ?,2,9,6,The answer correctly identifies carotenoid pigments as the source of yellow pigmentation in plants. | It explains the roles of carotenes and xanthophylls in photosynthesis and photoprotection. | The mention of specific examples like yellow flowers and fruits illustrates the concept well.,The answer could benefit from a more detailed explanation of the chemical structure or classification of carotenoids. | Including how these pigments contribute to the overall health and survival of the plant could enhance the response. | A brief mention of how yellow pigmentation may affect pollinators or seed dispersers would provide a broader ecological context.,"Great job on your answer! You have clearly identified the key pigments responsible for yellow coloration in plants and explained their functions effectively. The examples you provided help to contextualize your answer. To improve further, consider discussing the chemical structure of carotenoids and their broader ecological implications, such as their role in attracting pollinators or seed dispersers. This will provide a more comprehensive understanding of why yellow pigmentation is important in the plant kingdom.",Chemical structure or classification of carotenoids | Ecological role of yellow pigmentation in attracting pollinators or seed dispersers,"Yellow pigmentation in plants is due to carotenoid pigments, mainly carotenes and xanthophylls.

Carotenes help absorb light energy and transfer it to chlorophyll during photosynthesis.

Xanthophylls protect the plant by dissipating excess light energy, preventing damage to chlorophyll.

Carotenoids are especially important in yellow flowers, fruits (like mango and papaya), and autumn leaves, and they protect plants from excess sunlight (photoprotection).",2025-12-17T22:05:13.769707,,
3c624fd7-bf91-4635-9f7c-5806aca6437e,What are carotenoids? Name their types and functions in plants.,1,8,5,The student accurately identifies carotenoids as pigments in plants. | The types of carotenoids (carotenes and xanthophylls) are correctly named. | Functions related to photosynthesis and protection from excess light are well described.,"The answer could benefit from a more detailed explanation of how carotenoids function in photosynthesis. | Including examples of specific carotenoids would enhance the response. | The student could elaborate on additional functions of carotenoids, such as their role in attracting pollinators or seed dispersers.","This is a solid response that covers the basics of carotenoids, including their types and primary functions in plants. You've done well to mention both the absorption of light energy and protection from excess sunlight. To strengthen your answer further, consider providing more detail about how carotenoids interact with chlorophyll during photosynthesis and mentioning specific carotenoids, such as beta-carotene or lutein. Additionally, discussing other roles carotenoids play in plant health and reproduction would give a more comprehensive view of their importance.","Specific examples of carotenoids (e.g., beta-carotene, lutein, zeaxanthin). | Additional functions of carotenoids beyond photosynthesis and protection from light.","Carotenoids are yellow, orange, or red pigments present in plants that help in photosynthesis and protection from excess light.

Types:

Carotenes

Xanthophylls

Functions:

Absorb light energy and transfer it to chlorophyll for photosynthesis.

Protect plants from photo-oxidative damage by excess sunlight.",2025-12-17T22:40:37.052450,,
d4c0b093-cd05-47e4-8ff6-29581427441f,What is a database?,1,7,7,Answer is factually correct and clearly explained.,,Good understanding demonstrated. Try expanding with examples.,,"A database is an organized collection of data that can be easily accessed, managed, and updated, commonly used to store information in applications.",2025-12-17T17:25:10.920160,Could include more examples or detailed explanation.,gpt-eval
d4c0b093-cd05-47e4-8ff6-29581427441f,What is a database?,2,10,10,Answer is factually correct and clearly explained.,,Good understanding demonstrated. Try expanding with examples.,,"A database is an organized collection of data that can be easily accessed, managed, and updated, commonly used to store information in applications.",2025-12-17T17:26:10.920160,Could include more examples or detailed explanation.,gpt-eval
d4c0b093-cd05-47e4-8ff6-29581427441f,What is a database?,3,9,9,Answer is factually correct and clearly explained.,,Good understanding demonstrated. Try expanding with examples.,,"A database is an organized collection of data that can be easily accessed, managed, and updated, commonly used to store information in applications.",2025-12-17T17:27:10.920160,Could include more examples or detailed explanation.,gpt-eval
d4c0b093-cd05-47e4-8ff6-29581427441f,What is a database?,4,9,8,Answer is factually correct and clearly explained.,,Good understanding demonstrated. Try expanding with examples.,,"A database is an organized collection of data that can be easily accessed, managed, and updated, commonly used to store information in applications.",2025-12-17T17:28:10.920160,Could include more examples or detailed explanation.,gpt-eval
d4c0b093-cd05-47e4-8ff6-29581427441f,What is a database?,5,7,7,Answer is factually correct and clearly explained.,,Good understanding demonstrated. Try expanding with examples.,,"A database is an organized collection of data that can be easily accessed, managed, and updated, commonly used to store information in applications.",2025-12-17T17:29:10.920160,Could include more examples or detailed explanation.,gpt-eval
caad4064-722f-491b-be37-ed84aab94d6c,What is a database?,1,9,7,Answer is factually correct and clearly explained.,,Good understanding demonstrated. Try expanding with examples.,,"A database is an organized collection of data that can be easily accessed, managed, and updated, commonly used to store information in applications.",2025-12-17T17:30:10.920160,Could include more examples or detailed explanation.,gpt-eval
caad4064-722f-491b-be37-ed84aab94d6c,What is a database?,2,6,6,Answer is factually correct and clearly explained.,,Good understanding demonstrated. Try expanding with examples.,,"A database is an organized collection of data that can be easily accessed, managed, and updated, commonly used to store information in applications.",2025-12-17T17:31:10.920160,Could include more examples or detailed explanation.,gpt-eval
caad4064-722f-491b-be37-ed84aab94d6c,What is a database?,3,10,10,Answer is factually correct and clearly explained.,,Good understanding demonstrated. Try expanding with examples.,,"A database is an organized collection of data that can be easily accessed, managed, and updated, commonly used to store information in applications.",2025-12-17T17:32:10.920160,Could include more examples or detailed explanation.,gpt-eval
caad4064-722f-491b-be37-ed84aab94d6c,What is a database?,4,7,7,Answer is factually correct and clearly explained.,,Good understanding demonstrated. Try expanding with examples.,,"A database is an organized collection of data that can be easily accessed, managed, and updated, commonly used to store information in applications.",2025-12-17T17:33:10.920160,Could include more examples or detailed explanation.,gpt-eval
caad4064-722f-491b-be37-ed84aab94d6c,What is a database?,5,7,6,Answer is factually correct and clearly explained.,,Good understanding demonstrated. Try expanding with examples.,,"A database is an organized collection of data that can be easily accessed, managed, and updated, commonly used to store information in applications.",2025-12-17T17:34:10.920160,Could include more examples or detailed explanation.,gpt-eval
bd927e35-b28c-4e40-a82f-dcf1f9c08b14,What is green pigmentation in plants?,1,8,8,Answer is factually correct and clearly explained.,,Good understanding demonstrated. Try expanding with examples.,,"Green pigmentation in plants is due to chlorophyll, a pigment present in chloroplasts that absorbs light energy for photosynthesis.",2025-12-17T17:35:10.920160,Could include more examples or detailed explanation.,gpt-eval
bd927e35-b28c-4e40-a82f-dcf1f9c08b14,What is green pigmentation in plants?,2,9,8,Answer is factually correct and clearly explained.,,Good understanding demonstrated. Try expanding with examples.,,"Green pigmentation in plants is due to chlorophyll, a pigment present in chloroplasts that absorbs light energy for photosynthesis.",2025-12-17T17:36:10.920160,Could include more examples or detailed explanation.,gpt-eval
bd927e35-b28c-4e40-a82f-dcf1f9c08b14,What is green pigmentation in plants?,3,9,8,Answer is factually correct and clearly explained.,,Good understanding demonstrated. Try expanding with examples.,,"Green pigmentation in plants is due to chlorophyll, a pigment present in chloroplasts that absorbs light energy for photosynthesis.",2025-12-17T17:37:10.920160,Could include more examples or detailed explanation.,gpt-eval
bd927e35-b28c-4e40-a82f-dcf1f9c08b14,What is green pigmentation in plants?,4,10,8,Answer is factually correct and clearly explained.,,Good understanding demonstrated. Try expanding with examples.,,"Green pigmentation in plants is due to chlorophyll, a pigment present in chloroplasts that absorbs light energy for photosynthesis.",2025-12-17T17:38:10.920160,Could include more examples or detailed explanation.,gpt-eval
bd927e35-b28c-4e40-a82f-dcf1f9c08b14,What is green pigmentation in plants?,5,6,4,Answer is factually correct and clearly explained.,,Good understanding demonstrated. Try expanding with examples.,,"Green pigmentation in plants is due to chlorophyll, a pigment present in chloroplasts that absorbs light energy for photosynthesis.",2025-12-17T17:39:10.920160,Could include more examples or detailed explanation.,gpt-eval
27880e0c-c687-407e-8916-f71f53cd66d0,Explain the concept of Object-Oriented Programming.,1,10,9,Answer is factually correct and clearly explained.,,Good understanding demonstrated. Try expanding with examples.,,"Object-Oriented Programming is a programming paradigm based on objects and classes, emphasizing concepts such as encapsulation, inheritance, polymorphism, and abstraction.",2025-12-17T17:40:10.920160,Could include more examples or detailed explanation.,gpt-eval
27880e0c-c687-407e-8916-f71f53cd66d0,Explain the concept of Object-Oriented Programming.,2,7,5,Answer is factually correct and clearly explained.,,Good understanding demonstrated. Try expanding with examples.,,"Object-Oriented Programming is a programming paradigm based on objects and classes, emphasizing concepts such as encapsulation, inheritance, polymorphism, and abstraction.",2025-12-17T17:41:10.920160,Could include more examples or detailed explanation.,gpt-eval
27880e0c-c687-407e-8916-f71f53cd66d0,Explain the concept of Object-Oriented Programming.,3,7,7,Answer is factually correct and clearly explained.,,Good understanding demonstrated. Try expanding with examples.,,"Object-Oriented Programming is a programming paradigm based on objects and classes, emphasizing concepts such as encapsulation, inheritance, polymorphism, and abstraction.",2025-12-17T17:42:10.920160,Could include more examples or detailed explanation.,gpt-eval
27880e0c-c687-407e-8916-f71f53cd66d0,Explain the concept of Object-Oriented Programming.,4,6,6,Answer is factually correct and clearly explained.,,Good understanding demonstrated. Try expanding with examples.,,"Object-Oriented Programming is a programming paradigm based on objects and classes, emphasizing concepts such as encapsulation, inheritance, polymorphism, and abstraction.",2025-12-17T17:43:10.920160,Could include more examples or detailed explanation.,gpt-eval
27880e0c-c687-407e-8916-f71f53cd66d0,Explain the concept of Object-Oriented Programming.,5,10,10,Answer is factually correct and clearly explained.,,Good understanding demonstrated. Try expanding with examples.,,"Object-Oriented Programming is a programming paradigm based on objects and classes, emphasizing concepts such as encapsulation, inheritance, polymorphism, and abstraction.",2025-12-17T17:44:10.920160,Could include more examples or detailed explanation.,gpt-eval
dc2a4fa2-33a0-4239-85cd-0cf007965e34,What is machine learning?,1,10,10,Answer is factually correct and clearly explained.,,Good understanding demonstrated. Try expanding with examples.,,Machine learning is a branch of artificial intelligence that enables systems to learn from data and improve performance without being explicitly programmed.,2025-12-17T17:45:10.920160,Could include more examples or detailed explanation.,gpt-eval
dc2a4fa2-33a0-4239-85cd-0cf007965e34,What is machine learning?,2,7,6,Answer is factually correct and clearly explained.,,Good understanding demonstrated. Try expanding with examples.,,Machine learning is a branch of artificial intelligence that enables systems to learn from data and improve performance without being explicitly programmed.,2025-12-17T17:46:10.920160,Could include more examples or detailed explanation.,gpt-eval
dc2a4fa2-33a0-4239-85cd-0cf007965e34,What is machine learning?,3,9,7,Answer is factually correct and clearly explained.,,Good understanding demonstrated. Try expanding with examples.,,Machine learning is a branch of artificial intelligence that enables systems to learn from data and improve performance without being explicitly programmed.,2025-12-17T17:47:10.920160,Could include more examples or detailed explanation.,gpt-eval
dc2a4fa2-33a0-4239-85cd-0cf007965e34,What is machine learning?,4,10,9,Answer is factually correct and clearly explained.,,Good understanding demonstrated. Try expanding with examples.,,Machine learning is a branch of artificial intelligence that enables systems to learn from data and improve performance without being explicitly programmed.,2025-12-17T17:48:10.920160,Could include more examples or detailed explanation.,gpt-eval
dc2a4fa2-33a0-4239-85cd-0cf007965e34,What is machine learning?,5,10,8,Answer is factually correct and clearly explained.,,Good understanding demonstrated. Try expanding with examples.,,Machine learning is a branch of artificial intelligence that enables systems to learn from data and improve performance without being explicitly programmed.,2025-12-17T17:49:10.920160,Could include more examples or detailed explanation.,gpt-eval
e6e3acc6-5971-4cd6-977c-8bbd759ebd09,What is a database?,1,8,6,Answer is factually correct and clearly explained.,,Good understanding demonstrated. Try expanding with examples.,,"A database is an organized collection of data that can be easily accessed, managed, and updated, commonly used to store information in applications.",2025-12-17T17:50:10.920160,Could include more examples or detailed explanation.,gpt-eval
e6e3acc6-5971-4cd6-977c-8bbd759ebd09,What is a database?,2,9,8,Answer is factually correct and clearly explained.,,Good understanding demonstrated. Try expanding with examples.,,"A database is an organized collection of data that can be easily accessed, managed, and updated, commonly used to store information in applications.",2025-12-17T17:51:10.920160,Could include more examples or detailed explanation.,gpt-eval
e6e3acc6-5971-4cd6-977c-8bbd759ebd09,What is a database?,3,10,8,Answer is factually correct and clearly explained.,,Good understanding demonstrated. Try expanding with examples.,,"A database is an organized collection of data that can be easily accessed, managed, and updated, commonly used to store information in applications.",2025-12-17T17:52:10.920160,Could include more examples or detailed explanation.,gpt-eval
e6e3acc6-5971-4cd6-977c-8bbd759ebd09,What is a database?,4,9,8,Answer is factually correct and clearly explained.,,Good understanding demonstrated. Try expanding with examples.,,"A database is an organized collection of data that can be easily accessed, managed, and updated, commonly used to store information in applications.",2025-12-17T17:53:10.920160,Could include more examples or detailed explanation.,gpt-eval
e6e3acc6-5971-4cd6-977c-8bbd759ebd09,What is a database?,5,10,10,Answer is factually correct and clearly explained.,,Good understanding demonstrated. Try expanding with examples.,,"A database is an organized collection of data that can be easily accessed, managed, and updated, commonly used to store information in applications.",2025-12-17T17:54:10.920160,Could include more examples or detailed explanation.,gpt-eval
ab778c8c-1ab4-4663-9e5b-74fc045e0bb0,What is green pigmentation in plants?,1,10,10,Answer is factually correct and clearly explained.,,Good understanding demonstrated. Try expanding with examples.,,"Green pigmentation in plants is due to chlorophyll, a pigment present in chloroplasts that absorbs light energy for photosynthesis.",2025-12-17T17:55:10.920160,Could include more examples or detailed explanation.,gpt-eval
ab778c8c-1ab4-4663-9e5b-74fc045e0bb0,What is green pigmentation in plants?,2,8,7,Answer is factually correct and clearly explained.,,Good understanding demonstrated. Try expanding with examples.,,"Green pigmentation in plants is due to chlorophyll, a pigment present in chloroplasts that absorbs light energy for photosynthesis.",2025-12-17T17:56:10.920160,Could include more examples or detailed explanation.,gpt-eval
ab778c8c-1ab4-4663-9e5b-74fc045e0bb0,What is green pigmentation in plants?,3,10,10,Answer is factually correct and clearly explained.,,Good understanding demonstrated. Try expanding with examples.,,"Green pigmentation in plants is due to chlorophyll, a pigment present in chloroplasts that absorbs light energy for photosynthesis.",2025-12-17T17:57:10.920160,Could include more examples or detailed explanation.,gpt-eval
ab778c8c-1ab4-4663-9e5b-74fc045e0bb0,What is green pigmentation in plants?,4,7,7,Answer is factually correct and clearly explained.,,Good understanding demonstrated. Try expanding with examples.,,"Green pigmentation in plants is due to chlorophyll, a pigment present in chloroplasts that absorbs light energy for photosynthesis.",2025-12-17T17:58:10.920160,Could include more examples or detailed explanation.,gpt-eval
ab778c8c-1ab4-4663-9e5b-74fc045e0bb0,What is green pigmentation in plants?,5,10,9,Answer is factually correct and clearly explained.,,Good understanding demonstrated. Try expanding with examples.,,"Green pigmentation in plants is due to chlorophyll, a pigment present in chloroplasts that absorbs light energy for photosynthesis.",2025-12-17T17:59:10.920160,Could include more examples or detailed explanation.,gpt-eval
7dab150e-76d3-42be-99c1-b350ff06dee1,Explain the concept of Object-Oriented Programming.,1,7,5,Answer is factually correct and clearly explained.,,Good understanding demonstrated. Try expanding with examples.,,"Object-Oriented Programming is a programming paradigm based on objects and classes, emphasizing concepts such as encapsulation, inheritance, polymorphism, and abstraction.",2025-12-17T18:00:10.920160,Could include more examples or detailed explanation.,gpt-eval
7dab150e-76d3-42be-99c1-b350ff06dee1,Explain the concept of Object-Oriented Programming.,2,10,10,Answer is factually correct and clearly explained.,,Good understanding demonstrated. Try expanding with examples.,,"Object-Oriented Programming is a programming paradigm based on objects and classes, emphasizing concepts such as encapsulation, inheritance, polymorphism, and abstraction.",2025-12-17T18:01:10.920160,Could include more examples or detailed explanation.,gpt-eval
7dab150e-76d3-42be-99c1-b350ff06dee1,Explain the concept of Object-Oriented Programming.,3,10,10,Answer is factually correct and clearly explained.,,Good understanding demonstrated. Try expanding with examples.,,"Object-Oriented Programming is a programming paradigm based on objects and classes, emphasizing concepts such as encapsulation, inheritance, polymorphism, and abstraction.",2025-12-17T18:02:10.920160,Could include more examples or detailed explanation.,gpt-eval
7dab150e-76d3-42be-99c1-b350ff06dee1,Explain the concept of Object-Oriented Programming.,4,10,10,Answer is factually correct and clearly explained.,,Good understanding demonstrated. Try expanding with examples.,,"Object-Oriented Programming is a programming paradigm based on objects and classes, emphasizing concepts such as encapsulation, inheritance, polymorphism, and abstraction.",2025-12-17T18:03:10.920160,Could include more examples or detailed explanation.,gpt-eval
7dab150e-76d3-42be-99c1-b350ff06dee1,Explain the concept of Object-Oriented Programming.,5,9,8,Answer is factually correct and clearly explained.,,Good understanding demonstrated. Try expanding with examples.,,"Object-Oriented Programming is a programming paradigm based on objects and classes, emphasizing concepts such as encapsulation, inheritance, polymorphism, and abstraction.",2025-12-17T18:04:10.920160,Could include more examples or detailed explanation.,gpt-eval
2efb51b4-b137-4951-8f4c-f9d6ddcdc7dc,What is Python?,1,10,8,Answer is factually correct and clearly explained.,,Good understanding demonstrated. Try expanding with examples.,,"Python is a high-level, interpreted programming language known for its simplicity, readability, and wide range of applications such as web development, data science, automation, and AI.",2025-12-17T18:05:10.920160,Could include more examples or detailed explanation.,gpt-eval
2efb51b4-b137-4951-8f4c-f9d6ddcdc7dc,What is Python?,2,10,8,Answer is factually correct and clearly explained.,,Good understanding demonstrated. Try expanding with examples.,,"Python is a high-level, interpreted programming language known for its simplicity, readability, and wide range of applications such as web development, data science, automation, and AI.",2025-12-17T18:06:10.920160,Could include more examples or detailed explanation.,gpt-eval
2efb51b4-b137-4951-8f4c-f9d6ddcdc7dc,What is Python?,3,8,8,Answer is factually correct and clearly explained.,,Good understanding demonstrated. Try expanding with examples.,,"Python is a high-level, interpreted programming language known for its simplicity, readability, and wide range of applications such as web development, data science, automation, and AI.",2025-12-17T18:07:10.920160,Could include more examples or detailed explanation.,gpt-eval
2efb51b4-b137-4951-8f4c-f9d6ddcdc7dc,What is Python?,4,7,6,Answer is factually correct and clearly explained.,,Good understanding demonstrated. Try expanding with examples.,,"Python is a high-level, interpreted programming language known for its simplicity, readability, and wide range of applications such as web development, data science, automation, and AI.",2025-12-17T18:08:10.920160,Could include more examples or detailed explanation.,gpt-eval
2efb51b4-b137-4951-8f4c-f9d6ddcdc7dc,What is Python?,5,9,8,Answer is factually correct and clearly explained.,,Good understanding demonstrated. Try expanding with examples.,,"Python is a high-level, interpreted programming language known for its simplicity, readability, and wide range of applications such as web development, data science, automation, and AI.",2025-12-17T18:09:10.920160,Could include more examples or detailed explanation.,gpt-eval
28eabab1-6129-477c-b12b-0e2cf4702a31,What is Python?,1,9,8,Answer is factually correct and clearly explained.,,Good understanding demonstrated. Try expanding with examples.,,"Python is a high-level, interpreted programming language known for its simplicity, readability, and wide range of applications such as web development, data science, automation, and AI.",2025-12-17T18:10:10.920160,Could include more examples or detailed explanation.,gpt-eval
28eabab1-6129-477c-b12b-0e2cf4702a31,What is Python?,2,6,5,Answer is factually correct and clearly explained.,,Good understanding demonstrated. Try expanding with examples.,,"Python is a high-level, interpreted programming language known for its simplicity, readability, and wide range of applications such as web development, data science, automation, and AI.",2025-12-17T18:11:10.920160,Could include more examples or detailed explanation.,gpt-eval
28eabab1-6129-477c-b12b-0e2cf4702a31,What is Python?,3,9,9,Answer is factually correct and clearly explained.,,Good understanding demonstrated. Try expanding with examples.,,"Python is a high-level, interpreted programming language known for its simplicity, readability, and wide range of applications such as web development, data science, automation, and AI.",2025-12-17T18:12:10.920160,Could include more examples or detailed explanation.,gpt-eval
28eabab1-6129-477c-b12b-0e2cf4702a31,What is Python?,4,6,6,Answer is factually correct and clearly explained.,,Good understanding demonstrated. Try expanding with examples.,,"Python is a high-level, interpreted programming language known for its simplicity, readability, and wide range of applications such as web development, data science, automation, and AI.",2025-12-17T18:13:10.920160,Could include more examples or detailed explanation.,gpt-eval
28eabab1-6129-477c-b12b-0e2cf4702a31,What is Python?,5,8,7,Answer is factually correct and clearly explained.,,Good understanding demonstrated. Try expanding with examples.,,"Python is a high-level, interpreted programming language known for its simplicity, readability, and wide range of applications such as web development, data science, automation, and AI.",2025-12-17T18:14:10.920160,Could include more examples or detailed explanation.,gpt-eval
e6e3acc6-5971-4cd6-977c-8bbd759ebd10,What is a database?,1,8,6,Answer is factually correct and clearly explained.,,Good understanding demonstrated. Try expanding with examples.,,"A database is an organized collection of data that can be easily accessed, managed, and updated, commonly used to store information in applications.",2025-12-17T17:50:10.920160,Could include more examples or detailed explanation.,gpt-eval
e6e3acc6-5971-4cd6-977c-8bbd759ebd11,What is a database?,2,9,8,Answer is factually correct and clearly explained.,,Good understanding demonstrated. Try expanding with examples.,,"A database is an organized collection of data that can be easily accessed, managed, and updated, commonly used to store information in applications.",2025-12-17T17:51:10.920160,Could include more examples or detailed explanation.,gpt-eval
e6e3acc6-5971-4cd6-977c-8bbd759ebd12,What is a database?,3,10,8,Answer is factually correct and clearly explained.,,Good understanding demonstrated. Try expanding with examples.,,"A database is an organized collection of data that can be easily accessed, managed, and updated, commonly used to store information in applications.",2025-12-17T17:52:10.920160,Could include more examples or detailed explanation.,gpt-eval
e6e3acc6-5971-4cd6-977c-8bbd759ebd13,What is a database?,4,9,8,Answer is factually correct and clearly explained.,,Good understanding demonstrated. Try expanding with examples.,,"A database is an organized collection of data that can be easily accessed, managed, and updated, commonly used to store information in applications.",2025-12-17T17:53:10.920160,Could include more examples or detailed explanation.,gpt-eval
e6e3acc6-5971-4cd6-977c-8bbd759ebd14,What is a database?,5,10,10,Answer is factually correct and clearly explained.,,Good understanding demonstrated. Try expanding with examples.,,"A database is an organized collection of data that can be easily accessed, managed, and updated, commonly used to store information in applications.",2025-12-17T17:54:10.920160,Could include more examples or detailed explanation.,gpt-eval
e6e3acc6-5971-4cd6-977c-8bbd759ebd15,What is green pigmentation in plants?,1,10,10,Answer is factually correct and clearly explained.,,Good understanding demonstrated. Try expanding with examples.,,"Green pigmentation in plants is due to chlorophyll, a pigment present in chloroplasts that absorbs light energy for photosynthesis.",2025-12-17T17:55:10.920160,Could include more examples or detailed explanation.,gpt-eval
e6e3acc6-5971-4cd6-977c-8bbd759ebd16,What is green pigmentation in plants?,2,8,7,Answer is factually correct and clearly explained.,,Good understanding demonstrated. Try expanding with examples.,,"Green pigmentation in plants is due to chlorophyll, a pigment present in chloroplasts that absorbs light energy for photosynthesis.",2025-12-17T17:56:10.920160,Could include more examples or detailed explanation.,gpt-eval
e6e3acc6-5971-4cd6-977c-8bbd759ebd17,What is green pigmentation in plants?,3,10,10,Answer is factually correct and clearly explained.,,Good understanding demonstrated. Try expanding with examples.,,"Green pigmentation in plants is due to chlorophyll, a pigment present in chloroplasts that absorbs light energy for photosynthesis.",2025-12-17T17:57:10.920160,Could include more examples or detailed explanation.,gpt-eval
e6e3acc6-5971-4cd6-977c-8bbd759ebd18,What is green pigmentation in plants?,4,7,7,Answer is factually correct and clearly explained.,,Good understanding demonstrated. Try expanding with examples.,,"Green pigmentation in plants is due to chlorophyll, a pigment present in chloroplasts that absorbs light energy for photosynthesis.",2025-12-17T17:58:10.920160,Could include more examples or detailed explanation.,gpt-eval
e6e3acc6-5971-4cd6-977c-8bbd759ebd19,What is green pigmentation in plants?,5,10,9,Answer is factually correct and clearly explained.,,Good understanding demonstrated. Try expanding with examples.,,"Green pigmentation in plants is due to chlorophyll, a pigment present in chloroplasts that absorbs light energy for photosynthesis.",2025-12-17T17:59:10.920160,Could include more examples or detailed explanation.,gpt-eval
e6e3acc6-5971-4cd6-977c-8bbd759ebd20,Explain the concept of Object-Oriented Programming.,1,7,5,Answer is factually correct and clearly explained.,,Good understanding demonstrated. Try expanding with examples.,,"Object-Oriented Programming is a programming paradigm based on objects and classes, emphasizing concepts such as encapsulation, inheritance, polymorphism, and abstraction.",2025-12-17T18:00:10.920160,Could include more examples or detailed explanation.,gpt-eval
e6e3acc6-5971-4cd6-977c-8bbd759ebd21,Explain the concept of Object-Oriented Programming.,2,10,10,Answer is factually correct and clearly explained.,,Good understanding demonstrated. Try expanding with examples.,,"Object-Oriented Programming is a programming paradigm based on objects and classes, emphasizing concepts such as encapsulation, inheritance, polymorphism, and abstraction.",2025-12-17T18:01:10.920160,Could include more examples or detailed explanation.,gpt-eval
e6e3acc6-5971-4cd6-977c-8bbd759ebd22,Explain the concept of Object-Oriented Programming.,3,10,10,Answer is factually correct and clearly explained.,,Good understanding demonstrated. Try expanding with examples.,,"Object-Oriented Programming is a programming paradigm based on objects and classes, emphasizing concepts such as encapsulation, inheritance, polymorphism, and abstraction.",2025-12-17T18:02:10.920160,Could include more examples or detailed explanation.,gpt-eval
e6e3acc6-5971-4cd6-977c-8bbd759ebd23,Explain the concept of Object-Oriented Programming.,4,10,10,Answer is factually correct and clearly explained.,,Good understanding demonstrated. Try expanding with examples.,,"Object-Oriented Programming is a programming paradigm based on objects and classes, emphasizing concepts such as encapsulation, inheritance, polymorphism, and abstraction.",2025-12-17T18:03:10.920160,Could include more examples or detailed explanation.,gpt-eval
e6e3acc6-5971-4cd6-977c-8bbd759ebd24,Explain the concept of Object-Oriented Programming.,5,9,8,Answer is factually correct and clearly explained.,,Good understanding demonstrated. Try expanding with examples.,,"Object-Oriented Programming is a programming paradigm based on objects and classes, emphasizing concepts such as encapsulation, inheritance, polymorphism, and abstraction.",2025-12-17T18:04:10.920160,Could include more examples or detailed explanation.,gpt-eval
e6e3acc6-5971-4cd6-977c-8bbd759ebd25,What is Python?,1,10,8,Answer is factually correct and clearly explained.,,Good understanding demonstrated. Try expanding with examples.,,"Python is a high-level, interpreted programming language known for its simplicity, readability, and wide range of applications such as web development, data science, automation, and AI.",2025-12-17T18:05:10.920160,Could include more examples or detailed explanation.,gpt-eval
e6e3acc6-5971-4cd6-977c-8bbd759ebd26,What is Python?,2,10,8,Answer is factually correct and clearly explained.,,Good understanding demonstrated. Try expanding with examples.,,"Python is a high-level, interpreted programming language known for its simplicity, readability, and wide range of applications such as web development, data science, automation, and AI.",2025-12-17T18:06:10.920160,Could include more examples or detailed explanation.,gpt-eval
e6e3acc6-5971-4cd6-977c-8bbd759ebd27,What is Python?,3,8,8,Answer is factually correct and clearly explained.,,Good understanding demonstrated. Try expanding with examples.,,"Python is a high-level, interpreted programming language known for its simplicity, readability, and wide range of applications such as web development, data science, automation, and AI.",2025-12-17T18:07:10.920160,Could include more examples or detailed explanation.,gpt-eval
e6e3acc6-5971-4cd6-977c-8bbd759ebd28,What is Python?,4,7,6,Answer is factually correct and clearly explained.,,Good understanding demonstrated. Try expanding with examples.,,"Python is a high-level, interpreted programming language known for its simplicity, readability, and wide range of applications such as web development, data science, automation, and AI.",2025-12-17T18:08:10.920160,Could include more examples or detailed explanation.,gpt-eval
e6e3acc6-5971-4cd6-977c-8bbd759ebd29,What is Python?,5,9,8,Answer is factually correct and clearly explained.,,Good understanding demonstrated. Try expanding with examples.,,"Python is a high-level, interpreted programming language known for its simplicity, readability, and wide range of applications such as web development, data science, automation, and AI.",2025-12-17T18:09:10.920160,Could include more examples or detailed explanation.,gpt-eval
e6e3acc6-5971-4cd6-977c-8bbd759ebd30,What is Python?,1,9,8,Answer is factually correct and clearly explained.,,Good understanding demonstrated. Try expanding with examples.,,"Python is a high-level, interpreted programming language known for its simplicity, readability, and wide range of applications such as web development, data science, automation, and AI.",2025-12-17T18:10:10.920160,Could include more examples or detailed explanation.,gpt-eval
e6e3acc6-5971-4cd6-977c-8bbd759ebd31,What is Python?,2,6,5,Answer is factually correct and clearly explained.,,Good understanding demonstrated. Try expanding with examples.,,"Python is a high-level, interpreted programming language known for its simplicity, readability, and wide range of applications such as web development, data science, automation, and AI.",2025-12-17T18:11:10.920160,Could include more examples or detailed explanation.,gpt-eval
e6e3acc6-5971-4cd6-977c-8bbd759ebd32,What is Python?,3,9,9,Answer is factually correct and clearly explained.,,Good understanding demonstrated. Try expanding with examples.,,"Python is a high-level, interpreted programming language known for its simplicity, readability, and wide range of applications such as web development, data science, automation, and AI.",2025-12-17T18:12:10.920160,Could include more examples or detailed explanation.,gpt-eval
e6e3acc6-5971-4cd6-977c-8bbd759ebd33,What is Python?,4,6,6,Answer is factually correct and clearly explained.,,Good understanding demonstrated. Try expanding with examples.,,"Python is a high-level, interpreted programming language known for its simplicity, readability, and wide range of applications such as web development, data science, automation, and AI.",2025-12-17T18:13:10.920160,Could include more examples or detailed explanation.,gpt-eval
e6e3acc6-5971-4cd6-977c-8bbd759ebd34,What is Python?,5,8,7,Answer is factually correct and clearly explained.,,Good understanding demonstrated. Try expanding with examples.,,"Python is a high-level, interpreted programming language known for its simplicity, readability, and wide range of applications such as web development, data science, automation, and AI.",2025-12-17T18:14:10.920160,Could include more examples or detailed explanation.,gpt-eval
caad4064-722f-491b-be37-ed84aab9ed6e,What is a database?,1,9,7,Answer is factually correct and clearly explained.,,Good understanding demonstrated. Try expanding with examples.,,"A database is an organized collection of data that can be easily accessed, managed, and updated, commonly used to store information in applications.",2025-12-17T17:30:10.920160,Could include more examples or detailed explanation.,gpt-eval
caad4064-722f-491b-be37-ed84aab9ed6e,What is a database?,2,6,6,Answer is factually correct and clearly explained.,,Good understanding demonstrated. Try expanding with examples.,,"A database is an organized collection of data that can be easily accessed, managed, and updated, commonly used to store information in applications.",2025-12-17T17:31:10.920160,Could include more examples or detailed explanation.,gpt-eval
caad4064-722f-491b-be37-ed84aab9ed6e,What is a database?,3,10,10,Answer is factually correct and clearly explained.,,Good understanding demonstrated. Try expanding with examples.,,"A database is an organized collection of data that can be easily accessed, managed, and updated, commonly used to store information in applications.",2025-12-17T17:32:10.920160,Could include more examples or detailed explanation.,gpt-eval
caad4064-722f-491b-be37-ed84aab9ed6e,What is a database?,4,7,7,Answer is factually correct and clearly explained.,,Good understanding demonstrated. Try expanding with examples.,,"A database is an organized collection of data that can be easily accessed, managed, and updated, commonly used to store information in applications.",2025-12-17T17:33:10.920160,Could include more examples or detailed explanation.,gpt-eval
caad4064-722f-491b-be37-ed84aab9ed6e,What is a database?,5,7,6,Answer is factually correct and clearly explained.,,Good understanding demonstrated. Try expanding with examples.,,"A database is an organized collection of data that can be easily accessed, managed, and updated, commonly used to store information in applications.",2025-12-17T17:34:10.920160,Could include more examples or detailed explanation.,gpt-eval
caad4064-722f-491b-be37-ed84aab9ed6e,What is green pigmentation in plants?,1,8,8,Answer is factually correct and clearly explained.,,Good understanding demonstrated. Try expanding with examples.,,"Green pigmentation in plants is due to chlorophyll, a pigment present in chloroplasts that absorbs light energy for photosynthesis.",2025-12-17T17:35:10.920160,Could include more examples or detailed explanation.,gpt-eval
caad4064-722f-491b-be37-ed84aab9ed6e,What is green pigmentation in plants?,2,9,8,Answer is factually correct and clearly explained.,,Good understanding demonstrated. Try expanding with examples.,,"Green pigmentation in plants is due to chlorophyll, a pigment present in chloroplasts that absorbs light energy for photosynthesis.",2025-12-17T17:36:10.920160,Could include more examples or detailed explanation.,gpt-eval
caad4064-722f-491b-be37-ed84aab9ed6e,What is green pigmentation in plants?,3,9,8,Answer is factually correct and clearly explained.,,Good understanding demonstrated. Try expanding with examples.,,"Green pigmentation in plants is due to chlorophyll, a pigment present in chloroplasts that absorbs light energy for photosynthesis.",2025-12-17T17:37:10.920160,Could include more examples or detailed explanation.,gpt-eval
caad4064-722f-491b-be37-ed84aab9ed6e,What is green pigmentation in plants?,4,10,8,Answer is factually correct and clearly explained.,,Good understanding demonstrated. Try expanding with examples.,,"Green pigmentation in plants is due to chlorophyll, a pigment present in chloroplasts that absorbs light energy for photosynthesis.",2025-12-17T17:38:10.920160,Could include more examples or detailed explanation.,gpt-eval
caad4064-722f-491b-be37-ed84aab9ed6e,What is green pigmentation in plants?,5,6,4,Answer is factually correct and clearly explained.,,Good understanding demonstrated. Try expanding with examples.,,"Green pigmentation in plants is due to chlorophyll, a pigment present in chloroplasts that absorbs light energy for photosynthesis.",2025-12-17T17:39:10.920160,Could include more examples or detailed explanation.,gpt-eval
caad4064-722f-491b-be37-ed84aab9ed6e,Explain the concept of Object-Oriented Programming.,1,10,9,Answer is factually correct and clearly explained.,,Good understanding demonstrated. Try expanding with examples.,,"Object-Oriented Programming is a programming paradigm based on objects and classes, emphasizing concepts such as encapsulation, inheritance, polymorphism, and abstraction.",2025-12-17T17:40:10.920160,Could include more examples or detailed explanation.,gpt-eval
caad4064-722f-491b-be37-ed84aab9ed6e,Explain the concept of Object-Oriented Programming.,2,7,5,Answer is factually correct and clearly explained.,,Good understanding demonstrated. Try expanding with examples.,,"Object-Oriented Programming is a programming paradigm based on objects and classes, emphasizing concepts such as encapsulation, inheritance, polymorphism, and abstraction.",2025-12-17T17:41:10.920160,Could include more examples or detailed explanation.,gpt-eval
caad4064-722f-491b-be37-ed84aab9ed6e,Explain the concept of Object-Oriented Programming.,3,7,7,Answer is factually correct and clearly explained.,,Good understanding demonstrated. Try expanding with examples.,,"Object-Oriented Programming is a programming paradigm based on objects and classes, emphasizing concepts such as encapsulation, inheritance, polymorphism, and abstraction.",2025-12-17T17:42:10.920160,Could include more examples or detailed explanation.,gpt-eval
caad4064-722f-491b-be37-ed84aab9ed6e,Explain the concept of Object-Oriented Programming.,4,6,6,Answer is factually correct and clearly explained.,,Good understanding demonstrated. Try expanding with examples.,,"Object-Oriented Programming is a programming paradigm based on objects and classes, emphasizing concepts such as encapsulation, inheritance, polymorphism, and abstraction.",2025-12-17T17:43:10.920160,Could include more examples or detailed explanation.,gpt-eval
caad4064-722f-491b-be37-ed84aab9ed6e,Explain the concept of Object-Oriented Programming.,5,10,10,Answer is factually correct and clearly explained.,,Good understanding demonstrated. Try expanding with examples.,,"Object-Oriented Programming is a programming paradigm based on objects and classes, emphasizing concepts such as encapsulation, inheritance, polymorphism, and abstraction.",2025-12-17T17:44:10.920160,Could include more examples or detailed explanation.,gpt-eval
b71a3c2e-9c6e-4f12-8d8b-2e2c9f1a7c21,What is an Algorithm?,1,4,2,Correctly identifies an algorithm as a step-by-step process. | Uses simple language.,Lacks examples to clarify the concept. | Does not mention real-world or computer science applications. | Answer is too brief.,"You correctly stated that an algorithm is a step-by-step process, which shows basic understanding. However, your response would be stronger with an example, such as a recipe or a simple sorting process. Expanding on where algorithms are used, especially in computer science, would help demonstrate deeper understanding.",Examples of algorithms | Applications in computing and daily life,An algorithm is a step by step method.,2025-12-16T17:10:12.118394,Minimal explanation,GPT-5.2
b71a3c2e-9c6e-4f12-8d8b-2e2c9f1a7c21,What is an Algorithm?,2,8,6,Clearly defines an algorithm. | Provides a relevant real-world example. | Shows understanding of logical sequence.,Could mention characteristics such as efficiency or finiteness. | Lacks comparison with programs or code.,"Your answer demonstrates a solid understanding of algorithms and effectively uses an example to explain the concept. To improve further, you could mention key characteristics of algorithms, such as having a finite number of steps and producing an output. Overall, a strong response.",Characteristics of algorithms | Relationship between algorithms and programs,"An algorithm is a set of step-by-step instructions used to solve a problem or complete a task. For example, following a recipe to cook food is an algorithm because it has clear steps to follow.",2025-12-16T17:11:05.542901,Limited theoretical depth,GPT-5.2
e2c4f8b9-1d34-4c18-9b71-6a0a45d2c913,What is a Database?,1,6,4,Identifies a database as a place to store data. | Uses correct terminology.,Does not explain how data is organized. | No examples provided. | Lacks mention of database usage.,"You have correctly identified that a database is used for storing data. To strengthen your answer, consider explaining how data is organized (such as tables, rows, and columns) and provide examples of where databases are commonly used, like websites or banking systems.",Data organization | Practical applications of databases,A database is a system used to store information.,2025-12-16T17:15:42.904321,Vague explanation,GPT-5.2
e2c4f8b9-1d34-4c18-9b71-6a0a45d2c913,What is a Database?,2,9,7,Clear and accurate definition. | Explains structure using tables. | Mentions real-world applications.,Could briefly mention types of databases (SQL vs NoSQL). | No discussion of advantages like efficiency or security.,"This is a well-written and informative answer. You clearly explained what a database is, how data is organized, and where it is used. To make your response even stronger, you could briefly mention different types of databases and their advantages. Great work overall.",Types of databases | Benefits of database systems,"A database is an organized collection of data that is stored and managed electronically. Data is usually arranged in tables with rows and columns, making it easy to search and update. Databases are widely used in websites, schools, banks, and mobile applications.",2025-12-16T17:16:29.318557,No comparison of database types,GPT-5.2
f9a1d7c4-6e52-48cb-9b0a-2e3b91c4d102,What is the Internet?,1,7,5,Correctly describes the Internet as a global network. | Mentions communication and information sharing.,Could explain how the Internet works at a basic level. | Does not distinguish Internet from the World Wide Web.,"Your answer shows a good general understanding of the Internet and its purpose. To improve, consider briefly explaining how the Internet functions and clarifying the difference between the Internet and the World Wide Web. Adding this detail would improve accuracy and depth.",How the Internet works | Difference between Internet and WWW,The Internet is a global network that allows people to communicate and share information worldwide.,2025-12-16T17:20:44.601233,Conceptual gaps,GPT-5.2
c1a9e7d2-3b44-4f1a-9d7a-8f2b6d1a91a1,What is an Operating System?,1,5,3,Correctly identifies an operating system as system software. | Uses simple language.,Does not explain key functions. | No examples of operating systems given. | Lacks clarity on purpose.,"You correctly identified an operating system as system software, which shows basic understanding. However, your answer would benefit from explaining what an operating system actually does, such as managing hardware and running applications. Including examples like Windows or Linux would strengthen your response.",Functions of an operating system | Examples of operating systems,An operating system is system software.,2025-12-16T18:01:12.401229,Lacks explanation,GPT-5.2
c1a9e7d2-3b44-4f1a-9d7a-8f2b6d1a91a1,What is an Operating System?,2,9,7,Clear definition of an operating system. | Explains core functions well. | Provides relevant examples.,Could mention different types of operating systems. | No discussion of user interface types.,"This is a strong and well-structured answer. You clearly explained the role of an operating system and supported your explanation with examples. To improve further, you could briefly mention types of operating systems, such as mobile or real-time systems.",Types of operating systems | User interfaces,"An operating system is software that manages a computer�s hardware and software resources. It allows users to interact with the computer and runs applications. Examples include Windows, macOS, Linux, and Android.",2025-12-16T18:02:04.918554,Limited classification detail,GPT-5.2
d7f3b0a9-5c12-4b2e-8a3f-9d4b6c8e22f4,What is a Variable in Programming?,1,6,4,Correctly states that a variable stores data. | Uses appropriate terminology.,Does not explain how variables are used. | No examples provided. | Lacks mention of data types.,"Your answer shows a basic understanding of what a variable is. To improve, try explaining how variables are used in programs and include an example. Mentioning different data types would also add depth.",Examples of variables | Data types,A variable is used to store values.,2025-12-16T18:05:31.117882,Too brief,GPT-5.2
d7f3b0a9-5c12-4b2e-8a3f-9d4b6c8e22f4,What is a Variable in Programming?,2,8,6,Clear definition of a variable. | Provides a simple example. | Shows understanding of usage.,Could mention scope or mutability. | Limited discussion of data types.,"This is a good explanation of variables with a helpful example. To strengthen your answer, consider mentioning variable scope or how variables can change during program execution.",Data types | Variable scope,"A variable is a named storage location in a program that holds data. For example, in Python, age = 10 stores the value 10 in the variable age.",2025-12-16T18:06:22.644190,Concept depth could improve,GPT-5.2
a92d6f41-8b2e-4d1a-9b33-5f77c21d5c98,What is Matter?,1,7,5,Correctly defines matter. | Mentions mass and space.,Lacks examples. | Does not mention states of matter.,"Your answer correctly defines matter, showing good foundational knowledge. To improve, you could include examples of matter and briefly mention its different states, such as solid, liquid, and gas.",Examples of matter | States of matter,Matter is anything that has mass and occupies space.,2025-12-16T18:09:14.508221,Limited elaboration,GPT-5.2
a92d6f41-8b2e-4d1a-9b33-5f77c21d5c98,What is Matter?,2,9,7,Clear and accurate definition. | Includes examples and states of matter. | Well-organized explanation.,Could mention particles or atomic structure. | No discussion of plasma.,This is a strong response that clearly explains matter and its states with relevant examples. Adding a brief mention of particles or plasma could make it even more comprehensive.,Atomic structure | Plasma as a state of matter,"Matter is anything that has mass and takes up space. It exists in different states such as solids, liquids, and gases. Examples include water, air, and rocks.",2025-12-16T18:10:02.993441,Minor conceptual gaps,GPT-5.2
b4e2c8d1-2f6a-4c91-9e55-7a3fbc0a1e63,What is Energy?,1,6,4,Identifies energy as the ability to do work. | Uses correct scientific phrasing.,Does not provide examples. | No mention of types of energy.,"You correctly defined energy, which shows basic understanding. To improve, include examples and mention different forms of energy, such as kinetic or thermal energy.",Forms of energy | Real-world examples,Energy is the ability to do work.,2025-12-16T18:13:45.214907,Lacks application,GPT-5.2
b4e2c8d1-2f6a-4c91-9e55-7a3fbc0a1e63,What is Energy?,2,8,6,Clear definition of energy. | Mentions different forms of energy. | Provides examples.,Could explain energy conversion. | Limited depth on conservation.,"This is a solid explanation that clearly defines energy and provides useful examples. To enhance your response, consider explaining how energy can change from one form to another and mentioning the law of conservation of energy.",Energy conversion | Conservation of energy,"Energy is the ability to do work or cause change. It comes in many forms such as kinetic, potential, and thermal energy, and is used in everyday activities like walking or cooking.",2025-12-16T18:14:36.880512,Needs theoretical expansion,GPT-5.2
